entry_time,exit_time,dir,entry,exit,profit,exit_name
2021-09-13 09:06,2021-09-13 09:54,L,40274.0,40358.0,40.1,Profit target
2021-09-13 10:13,2021-09-13 10:35,L,40258.0,40324.0,31.1,Profit target
2021-10-12 08:55,2021-10-12 09:13,L,39964.0,40007.0,19.6,Profit target
2021-10-21 18:13,2021-10-21 20:29,L,41019.0,41055.0,16.1,Profit target
2021-11-05 05:43,2021-11-05 07:12,L,41574.0,41625.0,23.6,Profit target
2021-11-24 15:52,2021-11-25 00:13,L,41311.0,41442.0,63.6,Profit target
2021-11-30 09:56,2021-11-30 10:07,L,40342.0,40446.0,50.1,Profit target
2021-11-30 10:31,2021-11-30 10:54,L,40388.0,40238.0,-76.9,Stop loss
2021-12-10 09:38,2021-12-10 10:12,L,41447.0,41356.0,-47.4,Stop loss
2021-12-21 10:02,2021-12-21 11:42,L,40755.0,40921.0,81.1,Profit target
2021-12-27 19:14,2021-12-28 03:28,L,41760.0,41822.0,29.1,Profit target
2021-12-28 10:46,2021-12-30 19:29,L,41987.0,41756.0,-117.4,Stop loss
2022-01-04 07:33,2022-01-04 08:15,L,42182.0,42210.0,12.1,Profit target
2022-01-04 08:55,2022-01-04 09:39,L,42228.0,42310.0,39.1,Profit target
2022-02-01 04:13,2022-02-01 04:23,L,40635.0,40581.0,-28.9,Stop loss
2022-02-07 02:57,2022-02-07 03:17,L,40595.0,40537.0,-30.9,Stop loss
2022-03-01 03:01,2022-03-01 03:08,L,39603.0,39661.0,27.1,Profit target
2022-03-08 12:54,2022-03-16 09:41,L,38836.0,39614.0,387.1,Profit target
2022-03-18 04:37,2022-03-18 04:49,L,39948.0,39903.0,-24.4,Stop loss
2022-03-30 23:46,2022-03-31 01:09,L,40886.0,40867.0,-11.4,Stop loss
2022-04-04 03:01,2022-04-04 03:07,L,40484.0,40453.0,-17.4,Stop loss
2022-04-08 14:41,2022-04-11 11:26,L,40398.0,40123.0,-139.4,Stop loss
2022-04-12 05:10,2022-04-12 09:53,L,39939.0,40274.0,165.6,Profit target
2022-04-12 11:09,2022-04-12 13:03,L,40148.0,40020.0,-65.9,Stop loss
2022-04-14 10:15,2022-04-14 12:21,L,40325.0,40207.0,-60.9,Stop loss
2022-04-27 08:39,2022-04-27 10:15,L,39111.0,38922.0,-96.4,Stop loss
2022-05-16 14:05,2022-05-17 06:05,L,38048.0,38414.0,181.1,Profit target
2022-05-25 14:00,2022-05-25 14:03,L,37577.0,37690.0,54.6,Profit target
2022-05-26 06:23,2022-05-26 09:33,L,37902.0,38072.0,83.1,Profit target
2022-05-27 03:28,2022-05-27 04:27,L,38299.0,38365.0,31.1,Profit target
2022-05-27 05:00,2022-05-27 09:49,L,38377.0,38509.0,64.1,Profit target
2022-06-02 05:04,2022-06-02 09:31,L,38633.0,38517.0,-59.9,Stop loss
2022-06-15 06:00,2022-06-15 07:54,L,36256.0,36348.0,44.1,Profit target
2022-06-21 02:30,2022-06-21 02:36,L,36002.0,35974.0,-15.9,Stop loss
2022-06-28 10:14,2022-06-28 10:33,L,37405.0,37270.0,-69.4,Stop loss
2022-07-21 02:55,2022-07-21 03:30,L,37634.0,37594.0,-21.9,Stop loss
2022-07-27 16:24,2022-07-28 08:31,L,37902.0,37832.0,-36.9,Stop loss
2022-07-28 18:08,2022-07-29 06:53,L,38286.0,38381.0,45.6,Profit target
2022-08-10 18:45,2022-08-11 02:39,L,39031.0,39149.0,57.1,Profit target
2022-08-16 02:39,2022-08-16 04:10,L,39602.0,39642.0,18.1,Profit target
2022-09-02 08:22,2022-09-02 08:31,L,37434.0,37526.0,44.1,Profit target
2022-09-05 02:49,2022-09-05 02:53,L,37147.0,37200.0,24.6,Profit target
2022-09-05 03:17,2022-09-05 03:51,L,37213.0,37100.0,-58.4,Stop loss
2022-09-06 06:45,2022-09-06 09:28,L,37302.0,37165.0,-70.4,Stop loss
2022-09-08 03:01,2022-09-08 03:02,L,37356.0,37349.0,-5.4,Stop loss
2022-09-12 04:03,2022-09-12 09:49,L,38021.0,38138.0,56.6,Profit target
2022-09-22 07:53,2022-09-22 09:43,L,35955.0,35802.0,-78.4,Stop loss
2022-09-27 04:53,2022-09-27 05:09,L,35285.0,35208.0,-40.4,Stop loss
2022-10-03 18:46,2022-10-03 19:22,L,35198.0,35257.0,27.6,Profit target
2022-10-03 19:45,2022-10-03 20:17,L,35248.0,35345.0,46.6,Profit target
2022-10-13 05:48,2022-10-13 07:38,L,35075.0,35242.0,81.6,Profit target
2022-10-14 09:39,2022-10-14 10:01,L,36020.0,35733.0,-145.4,Stop loss
2022-10-17 08:35,2022-10-17 09:31,L,35680.0,35820.0,68.1,Profit target
2022-10-23 21:31,2022-10-23 21:35,L,36859.0,36899.0,18.1,Profit target
2022-10-23 22:11,2022-10-23 22:47,L,36851.0,36871.0,8.1,Profit target
2022-11-02 14:24,2022-11-02 14:51,L,38617.0,38254.0,-183.4,Stop loss
2022-11-10 14:30,2022-11-11 00:32,L,39235.0,39517.0,139.1,Profit target
2022-11-17 16:32,2022-11-18 08:20,L,39222.0,39477.0,125.6,Profit target
2022-11-27 18:07,2022-11-27 20:24,L,39970.0,39877.0,-48.4,Stop loss
2022-12-13 01:57,2022-12-13 01:58,L,39678.0,39687.0,2.6,Profit target
2022-12-23 07:34,2022-12-23 08:30,L,38693.0,38618.0,-39.4,Stop loss
2022-12-29 04:52,2022-12-29 08:38,L,38509.0,38617.0,52.1,Profit target
2023-02-10 04:48,2023-02-10 04:51,L,39164.0,39092.0,-37.9,Stop loss
2023-02-17 11:27,2023-02-17 12:12,L,39045.0,39137.0,44.1,Profit target
2023-03-06 09:35,2023-03-06 12:20,L,38873.0,38984.0,53.6,Profit target
2023-03-09 09:21,2023-03-09 12:49,L,38306.0,38138.0,-85.9,Stop loss
2023-04-03 12:47,2023-04-04 06:32,L,38867.0,39016.0,72.6,Profit target
2023-04-16 18:24,2023-04-26 10:21,L,39262.0,38681.0,-292.4,Stop loss
2023-05-01 11:28,2023-05-01 12:32,L,39425.0,39509.0,40.1,Profit target
2023-05-08 08:55,2023-05-08 09:06,L,38996.0,38978.0,-10.9,Stop loss
2023-05-22 08:22,2023-05-22 09:39,L,38696.0,38755.0,27.6,Profit target
2023-05-25 03:13,2023-05-25 03:32,L,37981.0,37940.0,-22.4,Stop loss
2023-05-26 11:32,2023-05-28 18:01,L,38251.0,38351.0,48.1,Profit target
2023-06-02 08:59,2023-06-02 09:36,L,38473.0,38592.0,57.6,Profit target
2023-06-12 05:52,2023-06-12 06:07,L,39093.0,39067.0,-14.9,Stop loss
2023-06-12 06:16,2023-06-12 06:22,L,39070.0,39052.0,-10.9,Stop loss
2023-06-13 10:16,2023-06-13 11:15,L,39351.0,39427.0,36.1,Profit target
2023-06-26 22:26,2023-06-27 02:10,L,38877.0,38917.0,18.1,Profit target
2023-06-29 12:11,2023-06-30 09:34,L,39172.0,39425.0,124.6,Profit target
2023-07-11 13:22,2023-07-11 15:46,L,39206.0,39274.0,32.1,Profit target
2023-07-26 11:28,2023-07-26 14:40,L,40459.0,40597.0,67.1,Profit target
2023-07-27 09:01,2023-07-27 10:10,L,40624.0,40547.0,-40.4,Stop loss
2023-08-04 11:07,2023-08-04 14:23,L,40342.0,40113.0,-116.4,Stop loss
2023-08-17 03:18,2023-08-17 08:11,L,39750.0,39677.0,-38.4,Stop loss
2023-09-14 11:32,2023-09-14 15:02,L,39663.0,39816.0,74.6,Profit target
2023-09-25 20:40,2023-09-26 02:16,L,38723.0,38645.0,-40.9,Stop loss
2023-09-27 01:32,2023-09-27 03:53,L,38453.0,38506.0,24.6,Profit target
2023-10-03 05:16,2023-10-03 06:59,L,38180.0,38144.0,-19.9,Stop loss
2023-10-06 08:04,2023-10-06 08:29,L,37863.0,37826.0,-20.4,Stop loss
2023-10-09 09:56,2023-10-09 13:44,L,38062.0,38257.0,95.6,Profit target
2023-10-09 14:30,2023-10-16 10:33,L,38316.0,38671.0,175.6,Profit target
2023-10-19 10:14,2023-10-19 10:18,L,38264.0,38222.0,-22.9,Stop loss
2023-10-26 23:03,2023-10-27 03:01,L,37496.0,37463.0,-18.4,Stop loss
2023-11-01 12:34,2023-11-01 14:34,L,37709.0,37816.0,51.6,Profit target
2023-11-09 04:11,2023-11-09 05:25,L,38704.0,38751.0,21.6,Profit target
2023-11-15 15:58,2023-11-16 07:23,L,39572.0,39480.0,-47.9,Stop loss
2023-11-23 12:48,2023-11-24 04:45,L,39866.0,39898.0,14.1,Profit target
2023-11-28 13:45,2023-11-29 03:39,L,39951.0,40044.0,44.6,Profit target
2023-11-29 03:57,2023-11-29 08:13,L,40045.0,40090.0,20.6,Profit target
2023-12-26 03:01,2023-12-26 04:54,L,41956.0,41937.0,-11.4,Stop loss
2024-01-10 10:10,2024-01-10 10:33,L,41943.0,41985.0,19.1,Profit target
2024-01-10 11:10,2024-01-10 14:20,L,41988.0,42077.0,42.6,Profit target
2024-01-24 09:36,2024-01-24 09:46,L,42379.0,42322.0,-30.4,Stop loss
2024-01-24 09:56,2024-01-24 10:05,L,42318.0,42269.0,-26.4,Stop loss
2024-01-26 10:10,2024-01-26 10:47,L,42402.0,42512.0,53.1,Profit target
2024-01-26 11:00,2024-01-30 13:16,L,42504.0,42716.0,104.1,Profit target
2024-01-31 04:16,2024-01-31 05:00,L,42805.0,42788.0,-10.4,Stop loss
2024-02-07 12:55,2024-02-08 11:04,L,42933.0,42832.0,-52.4,Stop loss
2024-02-15 10:39,2024-02-15 14:51,L,42823.0,42990.0,81.6,Profit target
2024-02-26 10:24,2024-02-26 11:08,L,43394.0,43326.0,-35.9,Stop loss
2024-02-27 04:56,2024-02-27 08:18,L,43290.0,43248.0,-22.9,Stop loss
2024-03-08 11:15,2024-03-08 13:37,L,43071.0,42916.0,-79.4,Stop loss
2024-03-12 02:24,2024-03-12 02:43,L,42994.0,43006.0,4.1,Profit target
2024-03-12 04:04,2024-03-12 04:10,L,42999.0,42984.0,-9.4,Stop loss
2024-03-13 04:10,2024-03-13 06:45,L,43202.0,43231.0,12.6,Profit target
2024-03-20 14:43,2024-03-20 15:28,L,43442.0,43663.0,108.6,Profit target
2024-03-20 16:01,2024-04-02 09:32,L,43656.0,43217.0,-221.4,Stop loss
2024-04-23 07:57,2024-04-23 08:17,L,42231.0,42200.0,-17.4,Stop loss
2024-04-23 08:52,2024-04-23 10:43,L,42285.0,42398.0,54.6,Profit target
2024-04-23 11:57,2024-04-23 13:30,L,42373.0,42456.0,39.6,Profit target
2024-04-26 12:35,2024-04-30 11:15,L,42169.0,41957.0,-107.9,Stop loss
2024-05-03 08:05,2024-05-03 08:31,L,42393.0,42429.0,16.1,Profit target
2024-05-03 08:32,2024-05-08 14:00,L,42613.0,42859.0,121.1,Profit target
2024-05-16 13:28,2024-05-16 14:15,L,43817.0,43732.0,-44.4,Stop loss
2024-06-04 12:05,2024-06-04 12:44,L,42313.0,42377.0,30.1,Profit target
2024-06-20 03:59,2024-06-20 05:51,L,42607.0,42632.0,10.6,Profit target
2024-07-22 10:59,2024-07-22 11:42,L,44011.0,43849.0,-82.9,Stop loss
2024-07-26 04:16,2024-07-26 08:31,L,43690.0,43799.0,52.6,Profit target
2024-07-31 06:57,2024-07-31 07:06,L,44391.0,44335.0,-29.9,Stop loss
2024-08-01 09:29,2024-08-01 09:32,L,44458.0,44554.0,46.1,Profit target
2024-08-05 21:49,2024-08-05 23:53,L,42445.0,42559.0,55.1,Profit target
2024-08-09 15:00,2024-08-09 16:00,L,42884.0,42971.0,41.6,Profit target
2024-08-15 02:26,2024-08-15 02:39,L,43477.0,43496.0,7.6,Profit target
2024-09-02 12:10,2024-09-02 19:23,L,44924.0,44873.0,-27.4,Stop loss
2024-09-20 07:01,2024-09-20 07:31,L,45383.0,45335.0,-25.9,Stop loss
2024-09-26 08:56,2024-09-26 09:32,L,45391.0,45454.0,29.6,Profit target
2024-10-14 15:05,2024-10-15 03:48,L,46283.0,46358.0,35.6,Profit target
2024-10-25 04:20,2024-10-25 05:19,L,45557.0,45615.0,27.1,Profit target
2024-10-25 05:44,2024-10-25 09:31,L,45602.0,45703.0,48.6,Profit target
2024-10-28 09:33,2024-10-29 08:44,L,45507.0,45333.0,-88.9,Stop loss
2024-11-01 03:18,2024-11-01 04:39,L,44881.0,44951.0,33.1,Profit target
2024-11-01 04:46,2024-11-01 08:51,L,44944.0,45073.0,62.6,Profit target
2024-11-01 09:29,2024-11-01 09:35,L,45046.0,45107.0,28.6,Profit target
2024-11-25 08:30,2024-11-25 09:34,L,47646.0,47734.0,42.1,Profit target
2024-11-25 09:35,2024-11-25 12:29,L,47765.0,47558.0,-105.4,Stop loss
2024-11-27 10:07,2024-11-27 11:02,L,47963.0,47888.0,-39.4,Stop loss
2024-12-09 04:49,2024-12-09 09:27,L,47626.0,47687.0,28.6,Profit target
2024-12-18 01:43,2024-12-18 03:05,L,46482.0,46508.0,11.1,Profit target
2025-01-06 10:54,2025-01-06 13:46,L,45713.0,45528.0,-94.4,Stop loss
2025-01-09 08:29,2025-01-09 18:32,L,45308.0,45187.0,-62.4,Stop loss
2025-01-17 00:02,2025-01-17 04:02,L,45873.0,45929.0,26.1,Profit target
2025-01-23 16:36,2025-01-24 07:01,L,47163.0,47102.0,-32.4,Stop loss
2025-01-27 15:22,2025-01-28 09:41,L,47282.0,47407.0,60.6,Profit target
2025-02-04 11:55,2025-02-04 12:33,L,47053.0,46977.0,-39.9,Stop loss
2025-02-05 09:40,2025-02-05 09:57,L,47174.0,47040.0,-68.9,Stop loss
2025-02-06 05:40,2025-02-06 06:05,L,47591.0,47496.0,-49.4,Stop loss
2025-02-27 10:49,2025-02-27 14:33,L,46345.0,45916.0,-216.4,Stop loss
2025-02-28 10:24,2025-02-28 12:51,L,45965.0,45704.0,-132.4,Stop loss
2025-03-17 09:09,2025-03-17 09:33,L,43875.0,44001.0,61.1,Profit target
2025-03-17 10:08,2025-03-17 14:14,L,44090.0,44431.0,168.6,Profit target
2025-04-07 14:37,2025-04-09 13:26,L,40408.0,41900.0,744.1,Profit target
2025-04-23 09:17,2025-04-23 09:33,L,42221.0,42297.0,36.1,Profit target
2025-04-23 10:01,2025-04-23 11:24,L,42538.0,42141.0,-200.4,Stop loss
2025-04-24 09:42,2025-04-24 09:58,L,41759.0,41896.0,66.6,Profit target
2025-04-24 10:56,2025-04-28 09:39,L,42124.0,42622.0,247.1,Profit target
2025-04-29 14:18,2025-04-30 08:42,L,42847.0,42465.0,-192.9,Stop loss
2025-05-04 18:06,2025-05-04 19:46,L,43448.0,43290.0,-80.9,Stop loss
2025-05-16 02:45,2025-05-16 02:51,L,44509.0,44497.0,-7.9,Stop loss
2025-05-22 14:47,2025-05-22 18:52,L,44199.0,44017.0,-92.9,Stop loss
2025-07-02 01:58,2025-07-02 02:00,L,46668.0,46676.0,2.1,Profit target
2025-07-02 02:37,2025-07-02 03:53,L,46727.0,46654.0,-38.4,Stop loss
2025-07-07 09:02,2025-07-07 09:08,L,46833.0,46794.0,-21.4,Stop loss
2025-07-17 11:53,2025-07-23 04:13,L,46435.0,46661.0,111.1,Profit target
2025-08-06 03:40,2025-08-06 04:44,L,46254.0,46185.0,-36.4,Stop loss
2025-08-10 18:10,2025-08-10 21:40,L,46112.0,46199.0,41.6,Profit target
2025-09-30 16:47,2025-10-01 02:46,L,48050.0,47882.0,-85.9,Stop loss
2025-10-13 04:16,2025-10-13 07:07,L,47647.0,47534.0,-58.4,Stop loss
2025-11-17 21:03,2025-11-17 22:08,L,48190.0,48097.0,-48.4,Stop loss
2025-11-24 12:18,2025-11-25 09:33,L,47965.0,48227.0,129.1,Profit target
2025-12-05 14:11,2025-12-08 09:42,L,49522.0,49307.0,-109.4,Stop loss
2025-12-09 06:22,2025-12-09 07:41,L,49305.0,49258.0,-25.4,Stop loss
2025-12-10 10:44,2025-12-10 14:01,L,49179.0,49326.0,71.6,Profit target
2025-12-15 01:17,2025-12-15 01:36,L,50068.0,50047.0,-12.4,Stop loss
2025-12-16 06:03,2025-12-16 08:31,L,49833.0,49941.0,52.1,Profit target
2026-01-20 11:09,2026-01-20 13:44,L,50056.0,49825.0,-117.4,Stop loss
2026-01-20 22:57,2026-01-21 01:48,L,49833.0,49803.0,-16.9,Stop loss
2026-01-27 01:49,2026-01-27 03:34,L,50591.0,50568.0,-13.4,Stop loss
2026-02-09 14:52,2026-02-10 09:59,L,51317.0,51657.0,168.1,Profit target
2026-02-12 06:58,2026-02-12 08:04,L,51434.0,51368.0,-34.9,Stop loss
2026-02-24 11:04,2026-02-25 16:02,L,50299.0,50645.0,171.1,Profit target
2026-03-09 14:54,2026-03-09 15:34,L,48290.0,48870.0,288.1,Profit target
2026-04-01 04:15,2026-04-01 04:24,L,47520.0,47578.0,27.1,Profit target
2026-04-01 04:55,2026-04-01 08:45,L,47614.0,47774.0,78.1,Profit target
2026-04-08 10:02,2026-04-08 10:30,L,48918.0,48779.0,-71.4,Stop loss
2026-04-27 22:08,2026-04-28 03:11,L,50168.0,50099.0,-36.4,Stop loss
2026-05-01 09:09,2026-05-01 09:31,L,50773.0,50727.0,-24.9,Stop loss
2026-05-07 03:08,2026-05-07 03:09,L,50900.0,50957.0,26.6,Profit target
2026-05-07 03:34,2026-05-07 04:26,L,50934.0,50853.0,-42.4,Stop loss
2026-05-25 08:07,2026-05-25 11:13,L,51899.0,51983.0,40.1,Profit target
2026-05-27 13:07,2026-05-28 09:30,L,51492.0,51347.0,-74.4,Stop loss
2026-06-05 07:29,2026-06-05 08:31,L,52508.0,52587.0,37.6,Profit target
2026-06-22 05:58,2026-06-22 07:06,L,52394.0,52459.0,30.6,Profit target
2026-06-22 08:55,2026-06-22 09:32,L,52480.0,52625.0,70.6,Profit target
2026-06-24 08:46,2026-06-24 09:12,L,52489.0,52428.0,-32.4,Stop loss
2026-06-26 06:56,2026-06-26 08:17,L,52707.0,52810.0,49.6,Profit target
2026-06-29 04:27,2026-06-29 09:35,L,52841.0,52987.0,71.1,Profit target
2026-07-01 05:14,2026-07-01 09:31,L,52956.0,53057.0,48.6,Profit target
2026-07-10 03:58,2026-07-10 04:06,L,53216.0,53250.0,15.1,Profit target
2026-07-10 04:43,2026-07-10 05:15,L,53230.0,53262.0,14.1,Profit target
2026-07-13 03:39,2026-07-13 04:07,L,53259.0,53338.0,37.6,Profit target
2026-07-13 04:47,2026-07-13 09:55,L,53347.0,53498.0,73.6,Profit target
2026-07-16 02:46,2026-07-16 03:55,L,53340.0,53272.0,-35.9,Stop loss
2026-07-17 14:24,2026-07-20 10:21,L,52869.0,52644.0,-114.4,Stop loss
2026-07-24 15:14,2026-07-26 18:01,L,52505.0,52716.0,103.6,Profit target
2026-07-26 19:01,2026-07-28 08:22,L,52762.0,53228.0,231.1,Profit target
2026-07-31 07:05,2026-07-31 08:36,L,53141.0,52990.0,-77.4,Stop loss
2026-08-13 08:07,2026-08-13 09:32,L,54444.0,54497.0,24.6,Profit target
2026-08-19 10:19,2026-08-20 04:32,L,54104.0,53862.0,-122.9,Stop loss
2026-09-02 23:19,2026-09-03 01:10,L,53596.0,53570.0,-14.9,Stop loss
2026-09-10 20:37,2026-09-11 08:53,L,52613.0,52990.0,186.6,Profit target
2026-09-23 02:26,2026-09-23 07:07,L,52313.0,52246.0,-35.4,Stop loss
2026-09-25 07:37,2026-09-25 09:31,L,51926.0,51762.0,-83.9,Stop loss
