combo,asset_class,thr,wr_lo,wr_hi,p_value,symbols,pos_symbols,sharpe_ann,trades,wins,win_rate,total_r,expectancy,profit_factor,max_dd_r,recovery,sharpe_trade,max_consec_loss
H1->M5,Energy,1.5,0.3800495431702562,0.6065889038966157,0.9999999999999989,2,1,-0.08521059727842549,71,35,0.49295774647887325,-1.0,-0.014084507042253521,0.9722222222222222,11.0,-0.09090909090909091,-0.013986355971611481,5
H1->M5,FX Major,1.5,0.49557950905005377,0.6012396585632892,0.08115363269346072,7,7,1.4122696252860123,337,185,0.5489614243323442,33.0,0.09792284866468842,1.2171052631578947,14.0,2.357142857142857,0.09824964148467706,8
H1->M5,FX Minor,1.5,0.45263522635441744,0.6517035993747023,0.3481412903192094,2,1,0.862020920208556,92,51,0.5543478260869565,10.0,0.10869565217391304,1.2439024390243902,5.0,2.0,0.10874762236678157,5
H1->M5,Indices,1.5,0.5027443020175244,0.652163658821743,0.05058566831324979,4,3,1.6106715022888813,164,95,0.5792682926829268,26.0,0.15853658536585366,1.3768115942028984,7.0,3.7142857142857144,0.16007698004894375,5
H1->M5,Metals (Gold),1.5,0.5663118252773978,0.8227008196809984,0.006608822842281441,1,1,1.9860205235101,45,32,0.7111111111111111,19.0,0.4222222222222222,2.4615384615384617,3.0,6.333333333333333,0.4605714584905023,3
H1->M5,Metals (Silver),1.5,0.3589463722598092,0.6655384667278896,1.0,1,1,0.13259870882635916,37,19,0.5135135135135135,1.0,0.02702702702702703,1.0555555555555556,7.0,0.14285714285714285,0.02666903735313325,4
H1->M5,Other,1.5,0.39063570911024414,0.6234802905283863,0.9999999999999671,2,1,0.07735337905069795,67,34,0.5074626865671642,1.0,0.014925373134328358,1.0303030303030303,11.0,0.09090909090909091,0.014815221273648998,7
H4->M15,Energy,2.5,0.47318222782839336,0.8363961264530752,0.13380050659179654,2,2,1.1814635213770257,22,15,0.6818181818181818,8.0,0.36363636363636365,2.142857142857143,6.0,1.3333333333333333,0.3813850356982369,6
H4->M15,FX Major,2.5,0.39948862747122693,0.6877683618136149,0.6439689563703718,7,2,0.4487588646089738,42,23,0.5476190476190477,4.0,0.09523809523809523,1.2105263157894737,5.0,0.8,0.09452714918526636,3
H4->M15,FX Minor,2.5,0.49015684672072335,0.9433190520193067,0.10937500000000004,2,2,1.2969067865944544,10,8,0.8,6.0,0.6,4.0,1.0,6.0,0.7115124735378853,1
H4->M15,Indices,2.5,0.24514513372857344,0.5927361694463591,0.44206833839416815,4,1,-0.8740377225340612,27,11,0.4074074074074074,-5.0,-0.18518518518518517,0.6875,7.0,-0.7142857142857143,-0.1849219509580405,5
H4->M15,Metals (Gold),2.5,0.2504542304090258,0.8417830777373732,1.0,1,1,0.3890390100637098,7,4,0.5714285714285714,1.0,0.14285714285714285,1.3333333333333333,2.0,0.5,0.13363062095621217,2
H4->M15,Metals (Silver),2.5,0.23071993220883708,0.8823817688407467,1.0,1,1,0.41602514716892186,5,3,0.6,1.0,0.2,1.5,1.0,1.0,0.18257418583505536,1
H4->M15,Other,2.5,0.2679886791947528,0.7320113208052472,1.0,2,1,0.0,14,7,0.5,0.0,0.0,1.0,4.0,0.0,0.0,3
M15->M1,Energy,1.5,0.47101182829146454,0.6564444360018451,0.20649820735971747,2,2,1.7552317007601284,106,60,0.5660377358490566,14.0,0.1320754716981132,1.3043478260869565,7.0,2.0,0.13261273007217075,5
M15->M1,FX Major,1.5,0.4919227932617783,0.584681112275693,0.11556771919019307,7,7,1.8250904072159073,440,237,0.5386363636363637,34.0,0.07727272727272727,1.167487684729064,12.0,2.8333333333333335,0.07741634283385215,10
M15->M1,FX Minor,1.5,0.4873866813077036,0.6556408040583265,0.11265741611168241,2,2,1.5552984968060626,129,74,0.5736434108527132,19.0,0.14728682170542637,1.3454545454545455,6.0,3.1666666666666665,0.14833257307520278,5
M15->M1,Indices,1.5,0.444872978175331,0.571944937614001,0.8445721639622032,4,1,0.39295262399668784,234,119,0.5085470085470085,4.0,0.017094017094017096,1.0347826086956522,21.0,0.19047619047619047,0.01705994499600709,9
M15->M1,Metals (Gold),1.5,0.36376560487101584,0.6192396159251554,1.0,1,0,-0.263697599232643,55,27,0.4909090909090909,-1.0,-0.01818181818181818,0.9642857142857143,4.0,-0.25,-0.018018749253911184,4
M15->M1,Metals (Silver),1.5,0.4172382993581416,0.6598726911171089,0.6089207154048284,1,1,0.862083202707117,61,33,0.5409836065573771,5.0,0.08196721311475409,1.1785714285714286,8.0,0.625,0.08156704532279611,5
M15->M1,Other,1.5,0.38352640000091553,0.5507041263887202,0.48802234383090803,2,1,-0.9082550605926418,133,62,0.46616541353383456,-9.0,-0.06766917293233082,0.8732394366197183,22.0,-0.4090909090909091,-0.06756917864660213,5
