combo,thr,sample,wr_lo,wr_hi,p_value,symbols,pos_symbols,sharpe_ann,trades,wins,win_rate,total_r,expectancy,profit_factor,max_dd_r,recovery,sharpe_trade,max_consec_loss,p_bonferroni
H1->M5,0.0,ALL,0.4843767103620853,0.5208049203012297,0.7945777479005806,19,10,0.2593628709324181,2891,1453,0.5025942580421999,15.0,0.005188516084399862,1.0104311543810849,40.0,0.375,0.005187688478719072,9,1.0
H1->M5,0.0,IS,0.4811046333079392,0.525593491876517,0.785125350180999,19,8,0.31648356275569917,1937,975,0.5033557046979866,13.0,0.006711409395973154,1.0135135135135136,40.0,0.325,0.006709827865767716,9,1.0
H1->M5,0.0,OOS,0.4693791025228159,0.5327089253932821,0.9741743021691188,19,9,0.10463701596227336,954,478,0.5010482180293501,2.0,0.0020964360587002098,1.004201680672269,29.0,0.06896551724137931,0.002095341614141374,9,1.0
H1->M5,1.0,ALL,0.5097149638854129,0.5698424242682646,0.010463399266150027,19,13,2.609312292213769,1052,568,0.5399239543726235,84.0,0.07984790874524715,1.1735537190082646,15.0,5.6,0.08006559396935548,10,0.21973138458915056
H1->M5,1.0,IS,0.5039647881917886,0.578068296758796,0.033068446422306004,19,12,3.1125159675336103,691,374,0.5412445730824892,57.0,0.0824891461649783,1.1798107255520505,15.0,3.8,0.08271131955088201,8,0.694437374868426
H1->M5,1.0,OOS,0.48583786862930445,0.5881668501308369,0.17109427290904852,19,11,1.81056854558012,361,194,0.5373961218836565,27.0,0.07479224376731301,1.1616766467065869,13.0,2.076923076923077,0.07489836155959426,10,1.0
H1->M5,1.25,ALL,0.5157641962814911,0.5796432126505292,0.003863556976208231,19,13,2.836423784133,929,509,0.5479009687836384,89.0,0.09580193756727665,1.2119047619047618,18.0,4.944444444444445,0.09619280869878119,10,0.08113469650037286
H1->M5,1.25,IS,0.5124500061788474,0.5917094960776111,0.011375994818023347,19,13,3.92074773145667,601,332,0.5524126455906821,63.0,0.1048252911813644,1.2342007434944238,18.0,3.5,0.1053182807984641,10,0.2388958911784903
H1->M5,1.25,OOS,0.48554531515727345,0.5928053196034077,0.16736782956096485,19,11,1.6459527044673887,328,177,0.5396341463414634,26.0,0.07926829268292683,1.1721854304635762,12.0,2.1666666666666665,0.07939720237065714,9,1.0
H1->M5,1.5,ALL,0.5203940489229306,0.5885622040397,0.002008294251983725,19,15,3.2672927870538677,813,451,0.5547355473554736,89.0,0.10947109471094711,1.2458563535911602,18.0,4.944444444444445,0.1100652429612433,10,0.042174179291658224
H1->M5,1.5,IS,0.5108804874960434,0.5960220570899536,0.01578805531882782,19,12,3.643706319763003,520,288,0.5538461538461539,56.0,0.1076923076923077,1.2413793103448276,18.0,3.111111111111111,0.10821807444101286,10,0.33154916169538423
H1->M5,1.5,OOS,0.49906188263736695,0.6121085193548066,0.061374141882886674,19,12,2.5211170398068923,293,163,0.5563139931740614,33.0,0.11262798634812286,1.2538461538461538,10.0,3.3,0.11315560771757761,8,1.0
H1->M5,1.75,ALL,0.5157371614235623,0.5891022246369929,0.005826813275310331,19,12,2.9128440870650882,702,388,0.5527065527065527,74.0,0.10541310541310542,1.2356687898089171,17.0,4.352941176470588,0.10592817502789541,10,0.12236307878151695
H1->M5,1.75,IS,0.49266123396353567,0.5842886316600133,0.10927504682371152,19,11,2.1888706656983623,451,243,0.5388026607538803,35.0,0.07760532150776053,1.1682692307692308,17.0,2.0588235294117645,0.07775372967626253,10,1.0
H1->M5,1.75,OOS,0.5158633314330933,0.6371729075482976,0.016289988896688347,19,14,4.030718768967466,251,145,0.5776892430278885,39.0,0.1553784860557769,1.3679245283018868,8.0,4.875,0.15697511908921927,6,0.3420897668304553
H1->M5,2.0,ALL,0.5187353104808192,0.5974977686022034,0.004455328149050651,19,13,2.5774763414987465,607,339,0.5584843492586491,71.0,0.11696869851729819,1.2649253731343284,16.0,4.4375,0.11768011211727035,8,0.09356189113006366
H1->M5,2.0,IS,0.4812110128458239,0.5800382266427858,0.24291225113985188,19,10,1.6477290060709089,388,206,0.5309278350515464,24.0,0.061855670103092786,1.1318681318681318,16.0,1.5,0.06189442911759298,8,1.0
H1->M5,2.0,OOS,0.5413100796069061,0.6696020660606892,0.0018158804804117093,19,15,4.2990316708269205,219,133,0.6073059360730594,47.0,0.2146118721461187,1.5465116279069768,6.0,7.833333333333333,0.21922950615381545,5,0.038133490088645895
H1->M5,2.5,ALL,0.512881943896956,0.6058824677076059,0.014268318851426284,19,15,3.0592205128482846,434,243,0.5599078341013825,52.0,0.11981566820276497,1.2722513089005236,10.0,5.2,0.12054594640971987,7,0.29963469587995195
H1->M5,2.5,IS,0.4866160321927744,0.6043454525315177,0.14473026058713426,19,10,2.2960792890609403,271,148,0.5461254612546126,25.0,0.09225092250922509,1.2032520325203253,10.0,2.5,0.09247489273488309,7,1.0
H1->M5,2.5,OOS,0.5060682150667803,0.6557619280150409,0.04137242299938791,19,12,4.999428538771778,163,95,0.5828220858895705,27.0,0.1656441717791411,1.3970588235294117,7.0,3.857142857142857,0.16744848190698902,5,0.8688208829871461
H4->M15,0.0,ALL,0.4701529992600502,0.5383129511710845,0.8343494377054356,19,11,0.19793250662596085,823,415,0.5042527339003645,7.0,0.00850546780072904,1.017156862745098,31.0,0.22580645161290322,0.008500606359380271,8,1.0
H4->M15,0.0,IS,0.45389128986435306,0.53709712917272,0.8647107978120923,19,7,-0.22009749333964357,551,273,0.4954627949183303,-5.0,-0.009074410163339383,0.9820143884892086,31.0,-0.16129032258064516,-0.009066545231461073,8,1.0
H4->M15,0.0,OOS,0.4628022624974155,0.5807009654420976,0.5048625638300609,19,9,0.8861916018666088,272,142,0.5220588235294118,12.0,0.04411764705882353,1.0923076923076922,14.0,0.8571428571428571,0.044079391992397944,6,1.0
H4->M15,1.0,ALL,0.48710829652602056,0.5945017549306282,0.15037903893146293,19,11,1.0797624783792616,327,177,0.5412844036697247,27.0,0.08256880733944955,1.18,19.0,1.4210526315789473,0.08272493402837168,7,1.0
H4->M15,1.0,IS,0.46813282919333865,0.5974146936346787,0.3506719650699819,19,10,0.7745966692414833,225,120,0.5333333333333333,15.0,0.06666666666666667,1.1428571428571428,19.0,0.7894736842105263,0.06666666666666668,7,1.0
H4->M15,1.0,OOS,0.4620686963178269,0.6513082745518501,0.27601389249250097,19,10,1.9194882047090198,102,57,0.5588235294117647,12.0,0.11764705882352941,1.2666666666666666,6.0,2.0,0.11788761096947144,4,1.0
H4->M15,1.25,ALL,0.501073240714745,0.6146353587483672,0.0524567587927165,19,10,1.710779797908384,290,162,0.5586206896551724,34.0,0.11724137931034483,1.265625,14.0,2.4285714285714284,0.11785183572204813,6,1.0
H4->M15,1.25,IS,0.47588999410886346,0.6132888471210911,0.2269055525494938,19,11,1.2057554287027505,198,108,0.5454545454545454,18.0,0.09090909090909091,1.2,14.0,1.2857142857142858,0.09105627815392958,6,1.0
H4->M15,1.25,OOS,0.48483148595056913,0.6821106352160224,0.11737015883134373,19,10,3.0887493700213766,92,54,0.5869565217391305,16.0,0.17391304347826086,1.4210526315789473,5.0,3.2,0.1756418857790003,3,1.0
H4->M15,1.5,ALL,0.5054421073433742,0.6264217966969358,0.038186372679908556,19,11,1.8151089750697327,254,144,0.5669291338582677,34.0,0.13385826771653545,1.309090909090909,11.0,3.090909090909091,0.13480771114860923,4,0.8019138262780797
H4->M15,1.5,IS,0.4862139479965603,0.6325363912901234,0.1281262163074948,19,10,1.5249340080192189,173,97,0.5606936416184971,21.0,0.12138728323699421,1.2763157894736843,11.0,1.9090909090909092,0.12193764626719972,4,1.0
H4->M15,1.5,OOS,0.471534628313757,0.6816920906542965,0.18207674694083997,19,9,2.3020972107937254,81,47,0.5802469135802469,13.0,0.16049382716049382,1.3823529411764706,4.0,3.25,0.16159482672291758,3,1.0
H4->M15,1.75,ALL,0.5141450534311011,0.6443395798988513,0.020781167340173573,19,12,2.1035158095583566,217,126,0.5806451612903226,35.0,0.16129032258064516,1.3846153846153846,8.0,4.375,0.16305311069985004,4,0.436404514143645
H4->M15,1.75,IS,0.5030316539835458,0.6584236655171569,0.05044785478188005,19,12,1.9611613513818402,151,88,0.5827814569536424,25.0,0.16556291390728478,1.3968253968253967,8.0,3.125,0.16732296743349453,4,1.0
H4->M15,1.75,OOS,0.4556043708792928,0.6875767704462209,0.26781166484658897,19,7,2.3025886693600084,66,38,0.5757575757575758,10.0,0.15151515151515152,1.3571428571428572,4.0,2.5,0.15211915381051275,3,1.0
H4->M15,2.0,ALL,0.5067979840536762,0.6484137032793374,0.0381781829972708,19,9,1.7648020944960685,183,106,0.5792349726775956,29.0,0.15846994535519127,1.3766233766233766,9.0,3.2222222222222223,0.1600589104119973,6,0.8017418429426868
H4->M15,2.0,IS,0.5132936289239914,0.6838025918742326,0.03004691483554463,19,13,1.9296124624698996,123,74,0.6016260162601627,25.0,0.2032520325203252,1.510204081632653,9.0,2.7777777777777777,0.20673950530755342,6,0.6309852115464373
H4->M15,2.0,OOS,0.40893208671135106,0.65372298459012,0.6988834276200333,19,7,1.1520368657695663,60,32,0.5333333333333333,4.0,0.06666666666666667,1.1428571428571428,6.0,0.6666666666666666,0.0662561767111637,3,1.0
H4->M15,2.5,ALL,0.4722284228757405,0.6424140150033437,0.2139651540354217,19,10,1.0633886053771622,127,71,0.5590551181102362,15.0,0.11811023622047244,1.2678571428571428,9.0,1.6666666666666667,0.11847357333607106,9,1.0
H4->M15,2.5,IS,0.4978053825746995,0.6981842343309292,0.06934604368506772,19,13,1.7794640054232225,88,53,0.6022727272727273,18.0,0.20454545454545456,1.5142857142857142,9.0,2.0,0.20777287186438423,9,1.0
H4->M15,2.5,OOS,0.3156664723404835,0.6143081317826119,0.7492586247608427,18,8,-0.8190283593479221,39,18,0.46153846153846156,-3.0,-0.07692307692307693,0.8571428571428571,6.0,-0.5,-0.07615612778861462,4,1.0
M15->M1,0.0,ALL,0.48625379594645995,0.5166281580644706,0.8645819867184905,19,8,0.3421334928531115,4160,2086,0.5014423076923077,12.0,0.0028846153846153848,1.0057859209257474,50.0,0.24,0.002884280655280309,11,1.0
M15->M1,0.0,IS,0.48342025374477193,0.5205212096474895,0.8497659895851194,19,9,0.3605480921265577,2787,1399,0.501973448152135,11.0,0.003946896304269824,1.0079250720461095,50.0,0.22,0.003946218887466517,11,1.0
M15->M1,0.0,OOS,0.4739522031346319,0.5267740968260897,1.0,19,9,0.15118578920369086,1373,687,0.5003641660597232,1.0,0.0007283321194464676,1.001457725947522,25.0,0.04,0.0007280670304042211,11,1.0
M15->M1,1.0,ALL,0.5078033729119451,0.5567798433773719,0.010529266686317604,19,14,2.280248758209036,1591,847,0.5323695788812068,103.0,0.06473915776241358,1.1384408602150538,26.0,3.9615384615384617,0.06485486033846603,9,0.2211146004126697
M15->M1,1.0,IS,0.49439415093738204,0.5543022100210223,0.11789221420592644,19,12,1.4899774631592573,1064,558,0.5244360902255639,52.0,0.04887218045112782,1.1027667984189724,25.0,2.08,0.048907651439182034,9,1.0
M15->M1,1.0,OOS,0.5057004007130146,0.5903734563471705,0.029307366849866325,19,13,3.099459339860096,527,289,0.5483870967741935,51.0,0.0967741935483871,1.2142857142857142,12.0,4.25,0.09713826562305274,6,0.6154547038471928
M15->M1,1.25,ALL,0.5044663341380505,0.5576711233865589,0.02374537665946375,19,15,2.2310934040908683,1348,716,0.5311572700296736,84.0,0.06231454005934718,1.1329113924050633,29.0,2.896551724137931,0.06241271740521529,13,0.4986529098487387
M15->M1,1.25,IS,0.49230844448945627,0.5573143341744249,0.143089370194804,19,14,1.5236496264535655,903,474,0.5249169435215947,45.0,0.04983388704318937,1.1048951048951048,24.0,1.875,0.04986824618501326,13,1.0
M15->M1,1.25,OOS,0.49736441473771753,0.5895259269774887,0.0715247554667692,19,13,2.865401597645515,445,242,0.5438202247191011,39.0,0.08764044943820225,1.1921182266009853,13.0,3.0,0.08788006894796695,6,1.0
M15->M1,1.5,ALL,0.49969878668236595,0.5571075800375036,0.05607176961697935,19,14,2.0582927633518375,1158,612,0.5284974093264249,66.0,0.05699481865284974,1.120879120879121,23.0,2.869565217391304,0.05706296149456003,11,1.0
M15->M1,1.5,IS,0.4925958945024787,0.5628993189708299,0.13032955478310648,19,11,1.5900862015201356,771,407,0.5278858625162127,43.0,0.055771725032425425,1.1181318681318682,17.0,2.5294117647058822,0.05582242990363295,11,1.0
M15->M1,1.5,OOS,0.47993967252447167,0.5789076968446026,0.2634036712328281,19,12,2.4623235468320708,387,205,0.5297157622739018,23.0,0.059431524547803614,1.1263736263736264,13.0,1.7692307692307692,0.05945979200282124,7,1.0
M15->M1,1.75,ALL,0.48810705259736037,0.5506747260084879,0.23626198156799752,19,12,1.3784048752090219,976,507,0.5194672131147541,38.0,0.0389344262295082,1.0810234541577826,27.0,1.4074074074074074,0.0389440038016008,11,1.0
M15->M1,1.75,IS,0.483874792298401,0.5602758826892977,0.27318711401645174,19,11,1.2391578356623514,653,341,0.5222052067381318,29.0,0.0444104134762634,1.0929487179487178,22.0,1.3181818181818181,0.04442022182164049,11,1.0
M15->M1,1.75,OOS,0.45958168235011304,0.5679545921020989,0.6562913522121694,19,10,1.2163272811190746,323,166,0.5139318885448917,9.0,0.02786377708978328,1.0573248407643312,12.0,0.75,0.027831416987416112,7,1.0
M15->M1,2.0,ALL,0.485303896515989,0.5535385217352865,0.2789923511692339,19,11,1.1604711917034163,820,426,0.5195121951219512,32.0,0.03902439024390244,1.0812182741116751,28.0,1.1428571428571428,0.039030318643903994,11,1.0
M15->M1,2.0,IS,0.46795769158504025,0.5525325237782998,0.6649472944592277,19,8,0.5018177156807756,533,272,0.5103189493433395,11.0,0.020637898686679174,1.0421455938697317,22.0,0.5,0.020622921822009713,11,1.0
M15->M1,2.0,OOS,0.47878986609959595,0.5934143852867257,0.23772336278502726,19,12,2.2912878474779195,287,154,0.5365853658536586,21.0,0.07317073170731707,1.1578947368421053,11.0,1.9090909090909092,0.07323946890585423,11,1.0
M15->M1,2.5,ALL,0.47028395791166056,0.5527313440774281,0.6124465544387755,19,12,0.6470029987537306,561,287,0.5115864527629234,13.0,0.023172905525846704,1.0474452554744527,26.0,0.5,0.023158461791868628,10,1.0
M15->M1,2.5,IS,0.45304077637274026,0.5550927964129759,0.9166447678112132,19,7,0.2187393196299035,365,184,0.5041095890410959,3.0,0.00821917808219178,1.0165745856353592,17.0,0.17647058823529413,0.008208188468116908,10,1.0
M15->M1,2.5,OOS,0.4557844434379863,0.594255187950073,0.5204221958816755,19,9,1.2499999999999998,196,103,0.5255102040816326,10.0,0.05102040816326531,1.10752688172043,11.0,0.9090909090909091,0.050956452753402215,10,1.0
