combo,symbol,asset_class,thr,wr_lo,wr_hi,sharpe_ann,trades,wins,win_rate,total_r,expectancy,profit_factor,max_dd_r,recovery,sharpe_trade,max_consec_loss
H1->M5,AUDUSD_,FX Major,1.5,0.37680695448409596,0.641427378576938,0.1054385478934475,51,26,0.5098039215686274,1.0,0.0196078431372549,1.04,9.0,0.1111111111111111,0.019418390934515434,4
H1->M5,BRENT,Energy,1.5,0.40913906334200717,0.713285131596487,0.5028364551542691,37,21,0.5675675675675675,5.0,0.13513513513513514,1.3125,7.0,0.7142857142857143,0.13453050062515784,7
H1->M5,CADJPY_,FX Minor,1.5,0.4618118910275937,0.7239181021375425,1.279582412439751,50,30,0.6,10.0,0.2,1.5,4.0,2.5,0.20207259421636903,3
H1->M5,EURCAD_,FX Minor,1.5,0.3552574591652803,0.6447425408347197,0.0,42,21,0.5,0.0,0.0,1.0,5.0,0.0,0.0,4
H1->M5,EURUSD_,FX Major,1.5,0.36752063766074083,0.6538279072224399,0.14209793211712707,43,22,0.5116279069767442,1.0,0.023255813953488372,1.0476190476190477,3.0,0.3333333333333333,0.02299002449358514,3
H1->M5,GBPUSD_,FX Major,1.5,0.5113886797193951,0.7812436737136005,1.8070158058105026,44,29,0.6590909090909091,14.0,0.3181818181818182,1.9333333333333333,3.0,4.666666666666667,0.33178847865221783,2
H1->M5,GER30_SPOT,Indices,1.5,0.4950559699353738,0.7786566682895086,1.8058408066830165,40,26,0.65,12.0,0.3,1.8571428571428572,3.0,4.0,0.3105295017040594,3
H1->M5,NZDUSD_,FX Major,1.5,0.38076038407484447,0.636234395128984,0.1539828857533199,55,28,0.509090909090909,1.0,0.01818181818181818,1.037037037037037,8.0,0.125,0.018018749253911184,3
H1->M5,UK100_SPOT,Indices,1.5,0.4117588341636533,0.6906129145096089,0.6994546379906659,45,25,0.5555555555555556,5.0,0.1111111111111111,1.25,3.0,1.6666666666666667,0.1105541596785133,3
H1->M5,US100_Spot,Other,1.5,0.3589463722598092,0.6655384667278896,0.14209793211712707,37,19,0.5135135135135135,1.0,0.02702702702702703,1.0555555555555556,5.0,0.2,0.02666903735313325,4
H1->M5,US2000_SPOT,Other,1.5,0.33153851227173764,0.6684614877282624,0.0,30,15,0.5,0.0,0.0,1.0,9.0,0.0,0.0,9
H1->M5,US30_SPOT,Indices,1.5,0.30705075280944694,0.6017117011155924,-0.5075837569451929,40,18,0.45,-4.0,-0.1,0.8181818181818182,10.0,-0.4,-0.09923953268977463,5
H1->M5,US500_SPOT,Indices,1.5,0.5097710432024052,0.7936723389308484,1.5046344387789272,39,26,0.6666666666666666,13.0,0.3333333333333333,2.0,2.0,6.5,0.3489912202260564,3
H1->M5,USDCAD_,FX Major,1.5,0.38137172148151327,0.6587554012432788,0.2281805965467189,46,24,0.5217391304347826,2.0,0.043478260869565216,1.0909090909090908,6.0,0.3333333333333333,0.04304377769688636,4
H1->M5,USDCHF_,FX Major,1.5,0.39380627019919845,0.6629671810210522,0.3314967720658979,49,26,0.5306122448979592,3.0,0.061224489795918366,1.1304347826086956,4.0,0.75,0.06071042116927101,4
H1->M5,USDJPY_,FX Major,1.5,0.4724574648805242,0.735711856260395,1.1870083251792902,49,30,0.6122448979591837,11.0,0.22448979591836735,1.5789473684210527,7.0,1.5714285714285714,0.22800682146314652,7
H1->M5,WTI,Energy,1.5,0.26365737785688864,0.5777869585348072,-0.8981774262781435,34,14,0.4117647058823529,-6.0,-0.17647058823529413,0.7,7.0,-0.8571428571428571,-0.17662808098260208,6
H1->M5,XAGUSD_,Metals (Silver),1.5,0.3589463722598092,0.6655384667278896,0.13259870882635916,37,19,0.5135135135135135,1.0,0.02702702702702703,1.0555555555555556,7.0,0.14285714285714285,0.02666903735313325,4
H1->M5,XAUUSD_,Metals (Gold),1.5,0.5663118252773978,0.8227008196809984,1.9860205235101,45,32,0.7111111111111111,19.0,0.4222222222222222,2.4615384615384617,3.0,6.333333333333333,0.4605714584905023,3
H4->M15,AUDUSD_,FX Major,2.5,0.18761280689940868,0.8123871931005913,0.0,6,3,0.5,0.0,0.0,1.0,2.0,0.0,0.0,2
H4->M15,BRENT,Energy,2.5,0.3195073356553728,0.8067425380947535,0.4823412290324036,12,7,0.5833333333333334,2.0,0.16666666666666666,1.4,4.0,0.5,0.16183471874253738,4
H4->M15,CADJPY_,FX Minor,2.5,0.48686549668097007,0.9743210440510253,1.2089410496539776,7,6,0.8571428571428571,5.0,0.7142857142857143,6.0,1.0,5.0,0.944911182523068,1
H4->M15,EURCAD_,FX Minor,2.5,0.2076549551264879,0.9385096847238394,0.504524979109513,3,2,0.6666666666666666,1.0,0.3333333333333333,2.0,1.0,1.0,0.2886751345948128,1
H4->M15,EURUSD_,FX Major,2.5,0.29998832134152864,0.9032306674407831,0.6602252917735245,6,4,0.6666666666666666,2.0,0.3333333333333333,2.0,1.0,2.0,0.32274861218395134,1
H4->M15,GBPUSD_,FX Major,2.5,0.18761280689940868,0.8123871931005913,0.0,6,3,0.5,0.0,0.0,1.0,2.0,0.0,0.0,3
H4->M15,GER30_SPOT,Indices,2.5,0.045586062644636216,0.6993639475573634,-0.960768922830523,4,1,0.25,-2.0,-0.5,0.3333333333333333,1.0,-2.0,-0.5,2
H4->M15,NZDUSD_,FX Major,2.5,0.3755282641185388,0.9637768390302125,1.0246950765959597,5,4,0.8,3.0,0.6,4.0,1.0,3.0,0.6708203932499367,1
H4->M15,UK100_SPOT,Indices,2.5,0.0822171657090155,0.6410709098517873,-0.8849893258510121,7,2,0.2857142857142857,-3.0,-0.42857142857142855,0.4,4.0,-0.75,-0.4391550328268398,4
H4->M15,US100_Spot,Other,2.5,0.2666473457440297,0.811224570528086,0.2891056719475403,9,5,0.5555555555555556,1.0,0.1111111111111111,1.25,3.0,0.3333333333333333,0.10540925533894596,3
H4->M15,US2000_SPOT,Other,2.5,0.1176182311592533,0.769280067791163,-0.3890390100637099,5,2,0.4,-1.0,-0.2,0.6666666666666666,2.0,-0.5,-0.18257418583505536,2
H4->M15,US30_SPOT,Indices,2.5,0.15166223614131383,0.6462032231083628,-0.9083651988408599,11,4,0.36363636363636365,-3.0,-0.2727272727272727,0.5714285714285714,4.0,-0.75,-0.27028123880866767,4
H4->M15,US500_SPOT,Indices,2.5,0.3755282641185388,0.9637768390302125,1.1564866191658238,5,4,0.8,3.0,0.6,4.0,1.0,3.0,0.6708203932499367,1
H4->M15,USDCAD_,FX Major,2.5,0.15821692226262685,0.7495457695909742,-0.31835726998350666,7,3,0.42857142857142855,-1.0,-0.14285714285714285,0.75,4.0,-0.25,-0.13363062095621217,4
H4->M15,USDCHF_,FX Major,2.5,0.18761280689940868,0.8123871931005913,0.0,6,3,0.5,0.0,0.0,1.0,1.0,0.0,0.0,1
H4->M15,USDJPY_,FX Major,2.5,0.18761280689940868,0.8123871931005913,0.0,6,3,0.5,0.0,0.0,1.0,2.0,0.0,0.0,2
H4->M15,WTI,Energy,2.5,0.49015684672072335,0.9433190520193067,1.6302002862662142,10,8,0.8,6.0,0.6,4.0,2.0,3.0,0.7115124735378853,2
H4->M15,XAGUSD_,Metals (Silver),2.5,0.23071993220883708,0.8823817688407467,0.41602514716892186,5,3,0.6,1.0,0.2,1.5,1.0,1.0,0.18257418583505536,1
H4->M15,XAUUSD_,Metals (Gold),2.5,0.2504542304090258,0.8417830777373732,0.3890390100637098,7,4,0.5714285714285714,1.0,0.14285714285714285,1.3333333333333333,2.0,0.5,0.13363062095621217,2
M15->M1,AUDUSD_,FX Major,1.5,0.41477158311547435,0.6366148220971626,0.6615814157039653,74,39,0.527027027027027,4.0,0.05405405405405406,1.1142857142857143,11.0,0.36363636363636365,0.05376618724442799,5
M15->M1,BRENT,Energy,1.5,0.4579817755925391,0.7037216732186171,1.6622749155109215,58,34,0.5862068965517241,10.0,0.1724137931034483,1.4166666666666667,4.0,2.5,0.17351952734251078,4
M15->M1,CADJPY_,FX Minor,1.5,0.4753857081544497,0.6983144799762155,1.3381388342988663,71,42,0.5915492957746479,13.0,0.18309859154929578,1.4482758620689655,4.0,3.25,0.1849309318934752,3
M15->M1,EURCAD_,FX Minor,1.5,0.4245185822161052,0.6725034870705885,0.70339490892795,58,32,0.5517241379310345,6.0,0.10344827586206896,1.2307692307692308,10.0,0.6,0.10310578251130198,7
M15->M1,EURUSD_,FX Major,1.5,0.44281082215364653,0.7115054026542299,1.4142135623730951,48,28,0.5833333333333334,8.0,0.16666666666666666,1.4,4.0,2.0,0.16726084561603313,4
M15->M1,GBPUSD_,FX Major,1.5,0.405033783976834,0.6665974013760211,0.7171371656006362,52,28,0.5384615384615384,4.0,0.07692307692307693,1.1666666666666667,7.0,0.5714285714285714,0.07640623068776582,4
M15->M1,GER30_SPOT,Indices,1.5,0.3370110214024243,0.583423849765719,-1.17232484821325,59,27,0.4576271186440678,-5.0,-0.0847457627118644,0.84375,12.0,-0.4166666666666667,-0.08432786952965145,6
M15->M1,NZDUSD_,FX Major,1.5,0.42412986131783886,0.676134837487006,0.8245338774773985,56,31,0.5535714285714286,6.0,0.10714285714285714,1.24,6.0,1.0,0.10679667576248358,5
M15->M1,UK100_SPOT,Indices,1.5,0.37114361988923295,0.628856380110767,0.0,54,27,0.5,0.0,0.0,1.0,9.0,0.0,0.0,7
M15->M1,US100_Spot,Other,1.5,0.2953514834927377,0.5350043374617113,-1.5526802437330542,61,25,0.4098360655737705,-11.0,-0.18032786885245902,0.6944444444444444,20.0,-0.55,-0.18182439134950373,7
M15->M1,US2000_SPOT,Other,1.5,0.40069555910198956,0.625675192569916,0.47265659343666083,72,37,0.5138888888888888,2.0,0.027777777777777776,1.0571428571428572,8.0,0.25,0.02759485027094297,4
M15->M1,US30_SPOT,Indices,1.5,0.4811702438560874,0.7193183313795637,3.0480446053544505,61,37,0.6065573770491803,13.0,0.21311475409836064,1.5416666666666667,5.0,2.6,0.2163304140160514,3
M15->M1,US500_SPOT,Indices,1.5,0.34627701540988,0.5910679132886489,-0.6017216678143154,60,28,0.4666666666666667,-4.0,-0.06666666666666667,0.875,13.0,-0.3076923076923077,-0.0662561767111637,6
M15->M1,USDCAD_,FX Major,1.5,0.3983454954746292,0.6294935281551339,0.20960213356095742,68,35,0.5147058823529411,2.0,0.029411764705882353,1.0606060606060606,10.0,0.2,0.029207336409322302,5
M15->M1,USDCHF_,FX Major,1.5,0.4132168390581603,0.6409531680922806,0.6480740698407861,70,37,0.5285714285714286,4.0,0.05714285714285714,1.121212121212121,5.0,0.8,0.05682607877729406,3
M15->M1,USDJPY_,FX Major,1.5,0.42739664196707616,0.6517156130486407,0.6891112913450892,72,39,0.5416666666666666,6.0,0.08333333333333333,1.1818181818181819,5.0,1.2,0.08304144685566298,3
M15->M1,WTI,Energy,1.5,0.4029083309494732,0.6742497814544648,0.8660254037844386,48,26,0.5416666666666666,4.0,0.08333333333333333,1.1818181818181819,6.0,0.6666666666666666,0.08274853078646985,6
M15->M1,XAGUSD_,Metals (Silver),1.5,0.4172382993581416,0.6598726911171089,0.862083202707117,61,33,0.5409836065573771,5.0,0.08196721311475409,1.1785714285714286,8.0,0.625,0.08156704532279611,5
M15->M1,XAUUSD_,Metals (Gold),1.5,0.36376560487101584,0.6192396159251554,-0.263697599232643,55,27,0.4909090909090909,-1.0,-0.01818181818181818,0.9642857142857143,4.0,-0.25,-0.018018749253911184,4
