variant,sample,wr_lo,wr_hi,p_value,symbols,pos_symbols,sharpe_ann,trades,wins,win_rate,total_r,expectancy,profit_factor,max_dd_r,recovery,sharpe_trade,max_consec_loss
"baseline (swing 4, disp 1.50, mitStop ON, zone Open-Last Ext)",ALL,0.5203940489229306,0.5885622040397,0.002008294251983725,19,15,3.2672927870538677,813,451,0.5547355473554736,89.0,0.10947109471094711,1.2458563535911602,18.0,4.944444444444445,0.1100652429612433,10
"baseline (swing 4, disp 1.50, mitStop ON, zone Open-Last Ext)",IS,0.5084861744068601,0.5917248883114179,0.02063212167200964,19,12,3.180162391422943,545,300,0.5504587155963303,55.0,0.10091743119266056,1.2244897959183674,18.0,3.0555555555555554,0.1013421754995469,10
"baseline (swing 4, disp 1.50, mitStop ON, zone Open-Last Ext)",OOS,0.5035713351439406,0.6215015013902765,0.043619979777864575,19,13,2.8655755588269676,268,151,0.5634328358208955,34.0,0.12686567164179105,1.2905982905982907,8.0,4.25,0.12766026762016808,8
swing length 3,ALL,0.5265858026037635,0.5911464842985967,0.0004198503093992547,19,15,3.5449708752145357,905,506,0.5591160220994476,107.0,0.11823204419889503,1.268170426065163,16.0,6.6875,0.11900138100658679,10
swing length 3,IS,0.5196268441860179,0.5984366004855166,0.0038881733454623935,19,14,4.229287901676596,606,339,0.5594059405940595,72.0,0.1188118811881188,1.2696629213483146,16.0,4.5,0.11956068545294601,10
swing length 3,OOS,0.5018539543619406,0.6137180146145803,0.04908563665373172,19,10,2.433321316961438,299,167,0.5585284280936454,35.0,0.11705685618729098,1.2651515151515151,11.0,3.1818181818181817,0.1176699002737246,10
swing length 5,ALL,0.5261508764007337,0.5985302170690803,0.0008831100486100678,19,14,3.0108081285104697,718,404,0.5626740947075209,90.0,0.12534818941504178,1.286624203821656,16.0,5.625,0.12625667936197787,9
swing length 5,IS,0.5166712526773263,0.6050179753097111,0.008112955880876394,19,12,2.929151682222139,481,270,0.5613305613305614,59.0,0.12266112266112267,1.2796208530805686,16.0,3.6875,0.12346588869143559,9
swing length 5,OOS,0.5017433902062727,0.6269719147908706,0.05110053665041377,19,12,2.659042852278124,237,134,0.5654008438818565,31.0,0.1308016877637131,1.3009708737864079,8.0,3.875,0.13165656355066208,4
displacement 1.25 ATR,ALL,0.5205547648141936,0.5847836560390779,0.0015096772913858398,19,14,3.33295944380864,917,507,0.5528898582333697,97.0,0.10577971646673937,1.2365853658536585,14.0,6.928571428571429,0.10631851441001894,9
displacement 1.25 ATR,IS,0.509317220794358,0.5877950487582263,0.017192738643544026,19,11,3.4038517735870526,614,337,0.5488599348534202,60.0,0.09771986970684039,1.2166064981949458,14.0,4.285714285714286,0.09810981830963891,9
displacement 1.25 ATR,OOS,0.5047591269740938,0.6158242619796858,0.03845067418067413,19,13,2.8865268392266255,303,170,0.5610561056105611,37.0,0.12211221122112212,1.2781954887218046,8.0,4.625,0.12282976033583091,6
displacement 2.00 ATR,ALL,0.5305294323283499,0.6118652167268527,0.0007495322092873462,19,14,3.3584237074653625,565,323,0.5716814159292035,81.0,0.1433628318584071,1.334710743801653,12.0,6.75,0.14473094811938605,7
displacement 2.00 ATR,IS,0.5210675747769133,0.620352322897934,0.006335016893141458,19,13,3.7406953974569044,378,216,0.5714285714285714,54.0,0.14285714285714285,1.3333333333333333,12.0,4.5,0.1441465181504061,7
displacement 2.00 ATR,OOS,0.5005278557406467,0.6409507317371357,0.05697078139259609,19,12,2.533725550713911,187,107,0.5721925133689839,27.0,0.1443850267379679,1.3375,6.0,4.5,0.14552330684541273,5
mitigation stops CISD OFF,ALL,0.5278252944537171,0.583300092619529,0.00010313403739308409,19,14,2.6714739866487065,1229,683,0.5557363710333605,137.0,0.1114727420667209,1.250915750915751,21.0,6.523809523809524,0.11212620936255692,14
mitigation stops CISD OFF,IS,0.5321310980154866,0.5996958444121802,0.00016344649955394108,19,15,3.263508577337049,823,466,0.5662211421628189,109.0,0.1324422843256379,1.3053221288515406,14.0,7.785714285714286,0.1335381720446825,10
mitigation stops CISD OFF,OOS,0.4858656124619452,0.5824534649572333,0.180178432440965,19,10,1.3997084244475302,406,217,0.5344827586206896,28.0,0.06896551724137931,1.1481481481481481,16.0,1.75,0.06904492488684383,14
zone mode Wick,ALL,0.521183357406426,0.5766464697921416,0.0006264288417879309,19,14,2.406536985926217,1233,677,0.5490673154906731,121.0,0.09813463098134631,1.2176258992805755,23.0,5.260869565217392,0.09857061362231033,14
zone mode Wick,IS,0.515554747141456,0.5832592915859348,0.004797408830453182,19,14,2.2660371388707596,826,454,0.549636803874092,82.0,0.09927360774818401,1.2204301075268817,23.0,3.5652173913043477,0.0997060269442946,14
zone mode Wick,OOS,0.4993347943864192,0.5955923016038602,0.05948725991985234,19,12,2.5207966379530267,407,223,0.547911547911548,39.0,0.09582309582309582,1.2119565217391304,14.0,2.7857142857142856,0.09614774002677802,10
