thr,trades,win_rate,expectancy,profit_factor,combo
0.0,823,0.5042527339003645,0.00850546780072904,1.017156862745098,H4->M15
1.0,327,0.5412844036697247,0.08256880733944955,1.18,H4->M15
1.25,290,0.5586206896551724,0.11724137931034483,1.265625,H4->M15
1.5,254,0.5669291338582677,0.13385826771653545,1.309090909090909,H4->M15
1.75,217,0.5806451612903226,0.16129032258064516,1.3846153846153846,H4->M15
2.0,183,0.5792349726775956,0.15846994535519127,1.3766233766233766,H4->M15
2.5,127,0.5590551181102362,0.11811023622047244,1.2678571428571428,H4->M15
0.0,2891,0.5025942580421999,0.005188516084399862,1.0104311543810849,H1->M5
1.0,1052,0.5399239543726235,0.07984790874524715,1.1735537190082646,H1->M5
1.25,929,0.5479009687836384,0.09580193756727665,1.2119047619047618,H1->M5
1.5,813,0.5547355473554736,0.10947109471094711,1.2458563535911602,H1->M5
1.75,702,0.5527065527065527,0.10541310541310542,1.2356687898089171,H1->M5
2.0,607,0.5584843492586491,0.11696869851729819,1.2649253731343284,H1->M5
2.5,434,0.5599078341013825,0.11981566820276497,1.2722513089005236,H1->M5
0.0,4160,0.5014423076923077,0.0028846153846153848,1.0057859209257474,M15->M1
1.0,1591,0.5323695788812068,0.06473915776241358,1.1384408602150538,M15->M1
1.25,1348,0.5311572700296736,0.06231454005934718,1.1329113924050633,M15->M1
1.5,1158,0.5284974093264249,0.05699481865284974,1.120879120879121,M15->M1
1.75,976,0.5194672131147541,0.0389344262295082,1.0810234541577826,M15->M1
2.0,820,0.5195121951219512,0.03902439024390244,1.0812182741116751,M15->M1
2.5,561,0.5115864527629234,0.023172905525846704,1.0474452554744527,M15->M1
