combo,is_from,oos_from,oos_to,chosen_thr,is_trades,is_exp,oos_trades,oos_exp,oos_wr,unfiltered_exp
H1->M5,2025-01-01,2025-07-01,2025-10-01,1.25,259,0.10424710424710425,130,0.1076923076923077,0.5538461538461539,0.032407407407407406
H1->M5,2025-04-01,2025-10-01,2026-01-01,1.5,238,0.1092436974789916,110,0.07272727272727272,0.5363636363636364,-0.027649769585253458
H1->M5,2025-07-01,2026-01-01,2026-04-01,2.5,120,0.11666666666666667,73,0.1780821917808219,0.589041095890411,0.06040268456375839
H1->M5,2025-10-01,2026-04-01,2026-07-01,2.0,187,0.1657754010695187,76,0.13157894736842105,0.5657894736842105,-0.032418952618453865
H1->M5,2026-01-01,2026-07-01,2026-10-01,2.0,180,0.18888888888888888,97,0.25773195876288657,0.6288659793814433,0.02313624678663239
H4->M15,2025-01-01,2025-07-01,2025-10-01,2.5,35,0.08571428571428572,19,0.2631578947368421,0.631578947368421,0.008403361344537815
H4->M15,2025-04-01,2025-10-01,2026-01-01,2.5,36,0.05555555555555555,15,0.3333333333333333,0.6666666666666666,0.02654867256637168
H4->M15,2025-07-01,2026-01-01,2026-04-01,2.0,45,0.3333333333333333,36,0.2777777777777778,0.6388888888888888,0.029850746268656716
H4->M15,2025-10-01,2026-04-01,2026-07-01,2.0,59,0.3220338983050847,23,0.13043478260869565,0.5652173913043478,0.06422018348623854
H4->M15,2026-01-01,2026-07-01,2026-10-01,1.75,67,0.31343283582089554,27,0.037037037037037035,0.5185185185185185,0.06666666666666667
M15->M1,2026-01-01,2026-07-01,2026-10-01,1.5,704,0.07102272727272728,454,0.03524229074889868,0.5176211453744494,-0.003778337531486146
