time,symbol,ob_id,dir,entry,sl,tp,score,band,trend,quality,impulse,freshness,retest,height,fvg,cisd,spread,session,sweep,trend_score,rel_strength,body_pct,impulse_atr,age_bars,retest_no,zone_atr,confirm_beyond_atr,spread_pct_of_r,hour,sweep_age_bars
2026.01.06 19:50,XAUUSD,83,BUY,4490.22,4444.85,4535.59,74.9,reduced,22.20,11.63,8.87,10.00,0.00,6.34,8.00,0.42,5.00,2.40,0.00,2.832,2.115,75.77,2.609,3.8,1,1.493,0.014,0.0022,19,-1.0
2026.02.05 13:35,XAUUSD,91,SELL,4875.76,5023.66,4727.86,88.2,normal,24.20,18.00,12.00,10.00,0.00,5.11,8.00,2.86,5.00,3.00,0.00,-2.952,6.506,93.55,3.741,9.6,1,1.591,0.095,0.0007,13,-1.0
2026.02.17 12:45,XAUUSD,95,SELL,4916.30,4971.08,4861.52,81.5,normal,25.00,15.39,12.00,10.00,0.00,1.64,4.00,5.45,5.00,3.00,0.00,-3.097,6.489,67.74,4.138,5.8,1,1.869,0.182,0.0018,12,-1.0
2026.03.03 22:35,XAUUSD,101,SELL,5110.03,5226.81,4993.25,85.1,normal,25.00,17.72,12.00,10.00,0.00,5.62,4.00,3.35,5.00,2.40,0.00,-3.028,4.194,74.22,3.514,6.6,1,1.550,0.112,0.0009,22,-1.0
2026.03.19 06:30,XAUUSD,105,SELL,4855.87,4899.04,4812.70,81.4,normal,25.00,14.33,8.06,10.00,0.00,9.07,8.00,0.77,5.00,1.20,0.00,-4.337,2.490,80.04,2.508,7.5,1,1.275,0.026,0.0023,6,-1.0
2026.07.02 02:50,XAUUSD,135,BUY,4036.54,4019.62,4053.46,78.8,normal,20.92,16.21,12.00,9.83,0.00,10.00,4.00,0.65,3.99,1.20,0.00,2.755,8.082,70.03,4.023,10.8,1,0.658,0.022,0.0100,2,-1.0
2026.07.30 14:50,XAUUSD,147,BUY,4080.24,3995.93,4164.55,81.2,normal,25.00,18.00,12.00,8.43,0.00,0.00,8.00,1.75,5.00,3.00,0.00,3.368,10.541,95.26,7.828,17.8,1,2.822,0.058,0.0011,14,-1.0
2026.08.03 01:15,XAUUSD,148,SELL,4063.77,4087.50,4040.04,80.2,normal,25.00,9.59,12.00,0.55,0.00,10.00,8.00,9.00,4.90,1.20,0.00,-3.518,2.502,61.62,4.022,57.3,1,1.007,0.373,0.0055,1,-1.0
2026.09.30 04:50,XAUUSD,168,BUY,4172.24,4142.31,4202.17,76.4,normal,25.00,18.00,8.42,10.00,0.00,0.00,8.00,0.83,5.00,1.20,0.00,3.131,4.383,84.49,2.552,6.8,1,2.173,0.028,0.0030,4,-1.0
