open_time,close_time,symbol,ob_id,score,risk_money,profit,realised_r
2025.10.07 01:45,2025.10.07 03:26,XAUUSD,63,91.1,6.40,12.72,1.987
2025.10.08 05:11,2025.10.08 08:34,XAUUSD,64,78.4,17.28,34.48,1.995
2025.10.15 05:38,2025.10.15 10:37,XAUUSD,74,87.6,14.42,28.76,1.994
2025.10.24 15:38,2025.10.24 16:06,XAUUSD,87,92.7,10.78,-10.86,-1.007
2025.10.29 07:10,2025.10.29 12:09,XAUUSD,91,82.9,28.99,57.90,1.997
2025.10.30 03:07,2025.10.30 07:36,XAUUSD,92,73.3,21.95,-22.03,-1.004
2025.10.30 13:42,2025.10.31 01:50,XAUUSD,94,88.8,26.71,52.58,1.969
2025.11.04 02:59,2025.11.04 10:26,XAUUSD,99,73.0,14.15,-14.23,-1.006
2025.12.01 09:03,2025.12.01 10:00,XAUUSD,131,84.0,10.98,-11.06,-1.007
2025.12.30 05:02,2025.12.31 07:40,XAUUSD,167,78.1,40.40,-41.24,-1.021
2025.12.31 09:47,2025.12.31 10:59,XAUUSD,168,82.7,12.61,25.14,1.994
2026.01.13 01:15,2026.01.13 15:41,XAUUSD,183,86.2,38.64,-38.72,-1.002
2026.01.13 17:23,2026.01.13 18:27,XAUUSD,186,88.2,9.51,-9.59,-1.008
2026.01.22 17:47,2026.01.23 18:10,XAUUSD,198,85.2,54.42,108.00,1.985
2026.02.02 04:02,2026.02.02 08:38,XAUUSD,205,67.6,154.70,309.32,1.999
2026.02.05 08:15,2026.02.05 10:13,XAUUSD,208,82.8,31.83,-31.91,-1.003
2026.03.02 12:08,2026.03.02 15:30,XAUUSD,237,81.7,12.39,24.70,1.994
2026.03.20 13:44,2026.03.20 21:50,XAUUSD,258,82.3,77.66,155.24,1.999
2026.04.07 17:00,2026.04.07 20:36,XAUUSD,278,67.4,35.97,-36.05,-1.002
2026.04.20 03:36,2026.04.20 04:15,XAUUSD,287,79.4,32.09,-32.17,-1.002
2026.04.28 15:54,2026.04.28 16:08,XAUUSD,301,81.7,9.45,18.82,1.992
2026.05.05 08:02,2026.05.05 16:05,XAUUSD,308,72.0,20.93,41.78,1.996
2026.05.05 16:17,2026.05.06 08:58,XAUUSD,309,77.4,40.86,80.88,1.979
2026.06.05 04:11,2026.06.05 05:41,XAUUSD,349,76.3,11.05,22.02,1.993
2026.07.27 03:34,2026.07.27 15:19,XAUUSD,411,89.8,13.22,-13.30,-1.006
2026.07.29 22:32,2026.07.29 22:54,XAUUSD,416,89.8,24.42,-24.50,-1.003
2026.08.03 16:20,2026.08.04 03:02,XAUUSD,420,76.9,26.73,-26.53,-0.993
2026.08.12 15:38,2026.08.13 09:04,XAUUSD,436,88.7,48.63,-50.99,-1.049
2026.08.25 04:05,2026.08.25 04:23,XAUUSD,452,77.1,8.11,-8.19,-1.010
